,growth_rate_short_pct,growth_rate_long_pct,peak_annual_growth_short_pct,mean_cv,solar_fraction_2035,wind_fraction_2035,solar_fraction_2050,wind_fraction_2050
growth_rate_short_pct,1.0,-0.23897210320614817,0.7460593485728928,0.0012314465387221038,0.2962845844648236,0.6124389844916572,-0.2618811551874305,0.44994333684449284
growth_rate_long_pct,-0.23897210320614817,1.0,-0.08888141417850949,0.7875075726083904,-0.2939898905114116,-0.3274831218415989,0.5051520164305292,0.10241033455191896
peak_annual_growth_short_pct,0.7460593485728928,-0.08888141417850949,1.0,0.10016370418245736,0.10669017272039873,0.3580662057827243,-0.2465816847058057,0.30005036587578804
mean_cv,0.0012314465387221038,0.7875075726083904,0.10016370418245736,1.0,-0.21344863208693082,0.08052047798860212,0.24835169793012707,0.40559649556101435
solar_fraction_2035,0.2962845844648236,-0.2939898905114116,0.10669017272039873,-0.21344863208693082,1.0,0.5462145724906158,0.400183130012165,0.4506592539627536
wind_fraction_2035,0.6124389844916572,-0.3274831218415989,0.3580662057827243,0.08052047798860212,0.5462145724906158,1.0,-0.26740106462706764,0.8386498604730535
solar_fraction_2050,-0.2618811551874305,0.5051520164305292,-0.2465816847058057,0.24835169793012707,0.400183130012165,-0.26740106462706764,1.0,-0.031195945193761145
wind_fraction_2050,0.44994333684449284,0.10241033455191896,0.30005036587578804,0.40559649556101435,0.4506592539627536,0.8386498604730535,-0.031195945193761145,1.0
