cluster,Demand Scale,Geopolitical Risk,Reserve Geography,Import Concentration,Capacity Stress
0,-0.4213862492199056,1.135053742444907,1.9114312080744231,-0.37962744447863944,0.007545940494200719
1,7.512347433210334,-0.0639079138424949,-1.111792654501284,-0.43892965878664,-0.2596642334232631
2,-0.35832959407022064,-0.7700701006844978,-0.6609145915820963,0.16527433105696904,-0.2435985216503269
3,0.1275114082618786,-2.123252000426762,1.273238727641636,-0.43892965878664,5.537115097469238
4,1.5440513323943823,-0.1554231982535004,0.1981709375835513,4.7752467276130135,-0.2194198170069093
5,-0.6025946761139812,-4.584251161362702,1.5824221022965006,-0.3160539909233733,-0.1854306801837184
6,-0.13904671861434498,1.284624197952797,-0.9614525541391592,-0.43892965878664,-0.25123445269435746
