cluster,Demand Scale,Geopolitical Risk,Reserve Geography,Import Concentration,Capacity Stress
0,-0.5742754671990065,2.6235346778115236,0.5717392027862628,-0.03057199824119502,-0.20755358878101648
1,8.332194996888607,0.7382013567172999,-1.1063576712394267,0.01068552814892007,-0.3333757181771035
2,-0.5129962759539177,-0.669103690691658,-0.7530747366873816,-0.4551359633924761,-0.3281149132521276
3,-0.73378275365816,-1.4024150398084767,-1.1063576712394267,5.6389262106468285,-0.3396821341647114
4,-0.7354669736333342,-1.5180760696405735,2.1346453550557114,-0.9657790359001152,7.687513808027106
5,-0.7444962757239436,-1.6041934192637326,3.445935565798752,-0.9457550132411335,0.12043854338589416
