cluster,mean_demand,peak_demand,scenario_cv,mean_ci_width,demand_volatility,demand_slope,n_active_scenarios,domestic_production,import_dependency,crc_weighted_risk,mean_capacity_ratio,max_capacity_ratio,exceedance_frequency,cumulative_demand,reserve_consumption_pct,domestic_reserve_coverage,global_reserve_coverage,reserves_high_risk_frac,reserves_oecd_frac,reserves_china_frac,import_china_frac,import_high_risk_frac,import_oecd_frac,import_hhi
0,203564.6106278204,1000145.4740260877,0.26514237778812627,0.6964929920113176,164673.11308407845,-4319.389779998233,61.0,366.13259999999997,0.5121197514916906,2.748571428571428,25885.96472387986,45132.135741674574,1.0,1681595.8699708006,2000.6438231884063,0.007994002263241793,0.165430957581799,0.2924655629832667,0.37373723949546817,0.1632773506668323,0.018571428571428572,0.018571428571428572,0.51,0.34471428571428575
1,11003545.4290138,53760620.36267206,0.28282912697748086,0.47719828874012343,8203082.33626578,-167312.05121656234,61.0,86620.0,0.14212982740558133,3.6,1168.5812156411298,2287.398629932474,1.0,90907761.08014432,0.0,0.0,0.0,0.0,0.0,0.0,0.0,0.13,0.355,0.2505
2,469425.1928077559,1858548.8438871484,0.23676266465825496,1.1003780700393773,284583.5345935175,1537.505624527152,57.1875,194.234625,0.8083216756749073,4.701875,2308.2393276112693,3867.3920442234516,0.6875,4075348.221490242,470.3257065076195,0.0006541121150172761,0.3572921852488197,0.07925397332846182,0.02532209935604677,0.020076726342710998,0.0025,0.06125,0.094375,0.1366375
3,118.34433458298945,545.2914292600113,0.28751339623555494,1.078798309567785,101.54226572542912,-3.308645384663494,61.0,0.0,0.4996952380952381,6.324999999999999,0.0,0.0,0.5,990.1495742671393,0.0,15.867356056696321,0.0,0.0,0.0,0.0,0.47,0.945,0.035,0.8492999999999999
4,12124.159446106125,61143.92092471506,0.30627441351301327,1.5022719132255333,10190.947390326031,-294.91237291182625,61.0,0.074,1.0,5.92,1474559.9326345287,2937189.489721486,1.0,99933.55729196234,76.87196714766333,0.023015291983256452,1.3008643294884081,0.5068461538461538,0.05638461538461539,0.3384615384615385,0.0,0.0,0.0,0.0
5,701.8552111441599,3283.8932826830764,0.2859728871763523,3.223366541069039,596.6764802872596,-19.20532970960327,61.0,0.074,1.0,5.919999999999999,85360.76892293837,166690.7022098238,1.0,5805.887544734837,4.466067342103721,0.425311320781943,24.039335522457645,0.5068461538461538,0.05638461538461539,0.3384615384615384,0.0,0.0,0.0,0.0
