cluster,mean_demand,peak_demand,scenario_cv,mean_ci_width,demand_volatility,demand_slope,n_active_scenarios,domestic_production,import_dependency,crc_weighted_risk,mean_capacity_ratio,max_capacity_ratio,exceedance_frequency,cumulative_demand,reserve_consumption_pct,domestic_reserve_coverage,global_reserve_coverage,reserves_high_risk_frac,reserves_oecd_frac,reserves_china_frac,import_china_frac,import_high_risk_frac,import_oecd_frac,import_hhi
0,11003545.4290138,53760620.36267206,0.28282912697748086,0.47719828874012343,8203082.33626578,-167312.05121656234,61.0,86620.0,0.14212982740558133,3.6,1168.5812156411298,2287.398629932474,1.0,90907761.08014432,0.0,0.0,0.0,0.0,0.0,0.0,0.0,0.13,0.355,0.2505
1,701.8552111441599,3283.8932826830764,0.2859728871763523,3.223366541069039,596.6764802872596,-19.20532970960327,61.0,0.074,1.0,5.919999999999999,85360.76892293837,166690.7022098238,1.0,5805.887544734837,4.466067342103721,0.425311320781943,24.039335522457645,0.5068461538461538,0.05638461538461539,0.3384615384615384,0.0,0.0,0.0,0.0
2,395056.1966873722,1567127.86245199,0.25090534798475966,1.160652843855604,239958.8621782028,1241.1408205179805,57.78947368421053,163.5217894736842,0.7894790544541853,4.84,79127.00400657515,157410.00998051828,0.6842105263157895,3428720.5530259633,25.54773567419671,1.672122372559378,0.3989476807310134,0.07123781172387984,0.03391185061068962,0.027587758990235772,0.05157894736842105,0.14210526315789473,0.10789473684210525,0.20898947368421053
3,206006.92433914807,1003514.9910817735,0.25118555333180764,0.5841377948305553,165317.7136601075,-4216.977674439428,61.0,366.2631714285714,0.502467644685901,3.011428571428571,27040.062688362872,46314.64614156226,1.0,1704709.4260838092,3017.3118651112404,0.007689448061526803,0.08507858037898026,0.35266432074724186,0.3476248171352197,0.18263759911403726,0.018571428571428572,0.042857142857142864,0.4428571428571429,0.3324285714285714
