cluster,growth_rate_long_pct,scenario_cv,import_dependency,hhi_wgi,us_capacity_ratio,global_capacity_ratio,global_reserve_coverage,domestic_reserve_share,reserves_high_risk_frac,reserves_china_frac,import_china_frac,import_hhi,production_hhi
0,-3.7990149171249135,0.2762587817691205,0.8957142857142857,0.27892108838002977,984.9536692111895,3.1824359008141796,25.095724873663496,0.019499829500875126,0.5875440581809404,0.47142253606131934,0.006927878640707358,0.04735046855361088,0.374765507417178
1,-19.69142778608486,0.0,0.75,0.5,0.0,0.0,0.0,0.0,0.0,0.0,0.5631999999999999,0.45566853999999984,0.65
2,-2.7285747585803963,0.2642912998897359,0.47861538461538466,0.13860684638211723,10035.256586839048,4405.279755577177,0.1429410834846997,0.01435006976163246,0.08624123216626502,0.06556306102322586,0.039099281698983385,0.31821554799199564,0.3433607317396436
3,-5.467296706254254,0.25318458777730296,0.0,0.30086970571428573,0.0,0.3408728581040111,861.6767706588937,0.04419482552251174,0.9198968787404475,0.00837860233864285,0.011200000000000002,0.40853852,0.42942423202090496
4,-8.916687627067743,0.14367626347707416,0.552,0.02661306131745741,86602.53623962597,2.0989534877741822,0.0429971204873765,0.0025,0.22777777777777777,0.22777777777777777,0.0,0.1692390986078658,0.3745959087220458
5,-3.8510250860869233,0.2901817865106376,0.0,0.009092817059945553,2040.8485809672738,0.15946990256470064,0.2067801765912378,0.2333333333333333,0.4154,0.3933333333333333,0.0098990100989901,0.5018310787659361,0.30621254025954886
6,-2.624414036703723,0.2703480559716687,0.9678571428571429,0.37021573970432564,0.0,2.922529339105065,0.4909102218510379,0.0,0.029747899159663863,0.023529411764705882,0.08686538331140946,0.13690267569062814,0.39946633878192195
