cluster,Demand Scale,Geopolitical Risk,Reserve Geography,Import Concentration,Capacity Stress
0,-0.5742782169668391,2.623550620983618,0.5717392538449323,-0.030580336609227553,-0.20755358878101648
1,8.332187040386277,0.7382705791534776,-1.1063576827422616,0.010684373950034298,-0.3333757181771035
2,-0.512994758010866,-0.6691082643121212,-0.753074737544271,-0.4551360182604632,-0.32811491325212766
3,-0.733785690919984,-1.4023536258944773,-1.1063576827422616,5.638948924296008,-0.3396821341647114
4,-0.7354627858892714,-1.5181155150327317,2.134645449326829,-0.9657765089456436,7.687513808027106
5,-0.7444920887005275,-1.604280169792216,3.445935435145341,-0.9457504797048123,0.12043854338589416
