feature,pca_importance,pca_rank,spca_importance,spca_rank,spca_nonzero,nmf_importance,nmf_rank,avg_rank
solar_fraction_2050,0.12912082636777297,1,0.17980817738951094,1,1,0.11842457983382032,5,2.3333333333333335
solar_fraction_2035,0.12773050537888594,3,0.12665953233645658,3,3,0.1688958491325887,2,2.6666666666666665
mean_cv,0.12367305033837574,6,0.12397329678188385,4,1,0.16931821480787024,1,3.6666666666666665
peak_annual_growth_short_pct,0.1223285835368116,7,0.14236557936415115,2,1,0.13626182761896602,3,4.0
growth_rate_long_pct,0.12575886272242273,4,0.10743586979728671,7,3,0.12046955593914636,4,5.0
wind_fraction_2035,0.1287873981943726,2,0.10762429019377849,6,1,0.095721641332892,7,5.0
wind_fraction_2050,0.12572260378598488,5,0.1007717364150941,8,2,0.10101436154491031,6,6.333333333333333
growth_rate_short_pct,0.11687816967537344,8,0.11136151772183808,5,2,0.08989396978980609,8,7.0
