,NMF1,NMF2,NMF3,NMF4
growth_rate_short_pct,0.0,0.6786051468743206,0.5793840205641809,2.151420105879491
growth_rate_long_pct,2.927163548986067,0.0,0.02381794051371447,1.6180682713664116
peak_annual_growth_short_pct,0.8761732992398048,0.1656781241025695,0.8091694239310255,3.3169825212466835
mean_cv,3.1482281959269898,1.0870659360798678,0.0,2.1864390838852645
solar_fraction_2035,1.9673683742400978,2.1019740825176996,2.336371692967781,0.0
wind_fraction_2035,0.23546359781040252,2.8367901829080995,0.37557333577056573,0.1826082995980871
solar_fraction_2050,2.80269451709455,0.0,1.6407466434675524,0.04804877606321069
wind_fraction_2050,0.8457396544529129,2.6977272986748235,0.0,0.28770550254201294
