cluster,total_cumulative_demand,peak_demand,mean_demand_early,year_of_peak,demand_slope,temporal_concentration,mean_cv,mean_ci_width,solar_fraction_2035,wind_fraction_2035,storage_fraction_2035,n_active_materials,supply_chain_stress,peak_supply_chain_stress,mean_n_exceeding_production,peak_n_exceeding_production,total_import_exposed_demand
0,246191025.69781741,87976636.51961361,59996697.91931691,2034.0,-1153986.7126716077,4.606232579905055,0.3259643299451744,1.157432679290665,0.30651311272776655,0.3083156924274774,0.06216471934181717,30.0,0.17851686770353767,0.2959907702071193,15.814814814814815,18.0,85488395.64592291
1,269812676.4561439,63392559.261449866,45826477.38661543,2032.4285714285713,-62340.096319643344,1.635550833035319,0.3366970649281,1.1882851907015828,0.2873709572074787,0.2710311971213319,0.06517436518371658,30.0,0.17190853180526378,0.23604384959324254,15.968253968253968,18.0,95909676.99372055
2,292633901.9605253,98420372.8845711,69598523.597132,2034.6,-1253160.6997044052,4.443539943313463,0.33134737877686493,1.175722832719674,0.3017985675345221,0.33328227229206203,0.07624046523580731,30.0,0.16608263774945184,0.24457365546015256,15.814814814814815,18.0,96983552.86555128
3,303004919.0006081,58108301.39422673,43374896.057880856,2033.125,457940.2406257085,1.262162598888357,0.34168118495041583,1.2059514692069513,0.25895316141343705,0.2639006785691539,0.04302849243899858,30.0,0.16874943083994845,0.24610743035636046,16.0,18.0,106287121.7354542
