cluster,Demand Scale & Wind,Demand Uncertainty,Supply Chain Stress,Solar & Storage Mix
0,2.0786810694985713,-0.13707323765259183,-0.13374913976723282,1.4786416626123517
1,-0.6831402954790103,0.6369887922082487,0.2767042553340095,-0.7314690030248976
2,1.1063005068783036,-3.277737047654274,2.370696681003725,1.248678918659038
3,-3.9753742421985203,0.08392587330678009,-3.8665159285244863,2.3338164405867823
4,-0.5611396771533079,-3.7469477901422046,-1.2766081790102948,-0.9397260520920069
