cluster,Demand Scale & Wind,Demand Uncertainty,Supply Chain Stress,Solar & Storage Mix
0,0.1912132790505071,-4.56664190434764,-0.15516225365581474,1.0761835853728916
1,2.917276507651224,-0.13721747465255374,-0.47656762949973824,0.837607018544394
2,-1.4502231570817656,0.807290972157617,0.2570051581872982,-0.5820007525955812
