,SPC1,SPC2,SPC3,SPC4
growth_rate_short_pct,0.12209991131838333,0.0,0.0,0.6561537034440904
growth_rate_long_pct,-0.09749593182788975,0.6370664365258846,0.11993489032958456,0.0
peak_annual_growth_short_pct,0.0,0.0,0.0,0.7546272705492458
mean_cv,0.0,0.7041968383396332,0.0,0.0
solar_fraction_2035,0.434339058664143,-0.22716689666627427,0.5161229626005674,0.0
wind_fraction_2035,0.6561228244582824,0.0,0.0,0.0
solar_fraction_2050,0.0,0.0,0.84807588667409,0.0
wind_fraction_2050,0.5970247702371205,0.21598233581404278,0.0,0.0
