scen_cluster,0,1,2,3
0,525816418.64610875,50803.53636555306,178269489.17669144,34436365.7342865
1,6628464320.7417755,639568.1081262917,2375000566.835598,439339220.27953696
2,3210561500.505302,306093.96187809267,971537878.1232612,207103056.8174378
3,1717050641.1639664,159489.9263844939,596023253.510429,110805967.40408477
