scen_cluster,0,1,2,3,4,5
0,58408965.8855871,954516285.3833132,326171937.41473883,9909.374120555138,485695.064439533,87531.09179177706
1,272766155.1368451,4195865090.667991,1259954137.420959,45504.76961925493,2361013.597051297,405661.213243016
2,451123677.62028146,6931511505.005848,2537304818.78763,74527.93563231234,3809454.874421432,662763.2277196383
