Feature,VIF
cumulative_demand,6.61779851679587
demand_slope,6.6025559639080695
mean_ci_width,3.6333833727826965
reserves_china_frac,3.43654055212098
import_dependency,3.428931178392859
domestic_production,3.1936718701261615
reserves_oecd_frac,3.0618451735893757
global_reserve_coverage,2.8257089832007836
reserve_consumption_pct,1.7441930510016308
import_china_frac,1.1134163196599656
domestic_reserve_coverage,1.056369510239721
