Feature,VIF
storage_fraction_2035,28.47040484298387
peak_supply_chain_stress,27.42416694323239
temporal_concentration,12.03663572830041
demand_slope,4.119010429821017
