sector,S1,S1_conf,ST,ST_conf
Fossil,0.7383323849924076,0.06476865750297514,0.7379908595668413,0.05569155115733635
Biomass,0.26185564557308383,0.04661570959103505,0.2620650963797938,0.02012259825178743
Other,5.5389298739051665e-05,0.0005202787570404941,3.238918939152077e-05,2.7289327963280624e-06
Wind,1.8718722460641515e-05,0.000427877787942522,2.496672194041575e-05,1.9954814034455577e-06
Solar,3.4646632689866585e-06,0.00010808045847669096,1.478582129833229e-06,1.1868939021102501e-07
Geothermal,3.5801096042112667e-08,2.431682628631051e-06,8.797912548919733e-10,8.488240584762917e-11
Nuclear,2.803285413835176e-18,2.795651621593201e-17,9.691269810392712e-32,1.1522556069099477e-32
Hydro,0.0,0.00012503449968468168,2.4307173862171755e-06,2.436073071410176e-07
