method,method_key,n_input_features,optimal_k,silhouette,stability_ari,stability_ari_std,min_cluster_size,max_cluster_size,cluster_balance
VIF-Pruned,vif,7,5,0.45239723623499295,0.6967140638788599,0.1426334391143284,2,36,0.4426229508196722
PCA,pca,3,4,0.5513602503021043,0.7815128593926901,0.18012710848094968,2,37,0.42622950819672134
Sparse PCA,spca,4,5,0.5308955437750522,0.7180750384702002,0.15084182411284763,2,37,0.42622950819672134
Factor Analysis,fa,4,6,0.4771933116555203,0.7084823835156397,0.13776268299107267,4,26,0.639344262295082
