,VIF-Pruned,PCA,Sparse PCA,Factor Analysis
VIF-Pruned,1.0,0.9464348436951177,0.955295635095125,0.44628846138862266
PCA,0.9464348436951177,1.0,0.991111672365558,0.41681119527486676
Sparse PCA,0.955295635095125,0.991111672365558,1.0,0.4235345731316939
Factor Analysis,0.44628846138862266,0.41681119527486676,0.4235345731316939,1.0
