method,method_key,n_input_features,optimal_k,silhouette,stability_ari,stability_ari_std,min_cluster_size,max_cluster_size,cluster_balance
VIF-Pruned,vif,10,6,0.3730588478927533,0.5904287565828786,0.17959900411334573,1,17,0.4838709677419355
PCA,pca,6,7,0.42629502872153985,0.7569577768106874,0.15955371137111846,1,15,0.5483870967741935
Sparse PCA,spca,5,6,0.5188058793236776,0.6978800061138304,0.14682967563428828,1,16,0.5161290322580645
Factor Analysis,fa,5,7,0.4777447436720999,0.726818076598367,0.11826641671672491,1,12,0.6451612903225806
