method,method_key,n_input_features,optimal_k,silhouette,stability_ari,stability_ari_std,min_cluster_size,max_cluster_size,cluster_balance
VIF-Pruned,vif,13,6,0.23429320296241996,0.5750726500448087,0.12055233476552935,1,12,0.6451612903225806
PCA,pca,6,7,0.3159712562561202,0.5666767591108748,0.17668957102735058,1,13,0.6129032258064516
Sparse PCA,spca,5,7,0.38385422325134916,0.7856383867192628,0.10479025831869215,1,13,0.6129032258064516
Factor Analysis,fa,5,7,0.4777447436720999,0.726818076598367,0.11826641671672491,1,12,0.6451612903225806
