,VIF-Pruned,PCA,Sparse PCA,Factor Analysis
VIF-Pruned,1.0,0.8129287710680105,0.7134516361509458,0.46627366638064566
PCA,0.8129287710680105,1.0,0.8832308851306351,0.5826801804496883
Sparse PCA,0.7134516361509458,0.8832308851306351,1.0,0.5451899117393633
Factor Analysis,0.46627366638064566,0.5826801804496883,0.5451899117393633,1.0
