,VIF-Pruned,PCA,Sparse PCA,Factor Analysis
VIF-Pruned,1.0,0.7333142160728368,0.7381850853548967,0.23828637881231945
PCA,0.7333142160728368,1.0,0.5015356820234869,0.2801766993468165
Sparse PCA,0.7381850853548967,0.5015356820234869,1.0,0.1662878787878788
Factor Analysis,0.23828637881231945,0.2801766993468165,0.1662878787878788,1.0
