,VIF-Pruned,PCA,Sparse PCA,Factor Analysis
VIF-Pruned,1.0,0.7338466688985604,0.7134516361509458,0.46627366638064566
PCA,0.7338466688985604,1.0,0.8126301179736294,0.5247295208655333
Sparse PCA,0.7134516361509458,0.8126301179736294,1.0,0.5451899117393633
Factor Analysis,0.46627366638064566,0.5247295208655333,0.5451899117393633,1.0
