,VIF-Pruned,PCA,Sparse PCA,Factor Analysis
VIF-Pruned,1.0,0.4592120201947001,0.38874537982275065,0.5380054530503903
PCA,0.4592120201947001,1.0,0.5317531640829776,0.55808808637263
Sparse PCA,0.38874537982275065,0.5317531640829776,1.0,0.5502990023276526
Factor Analysis,0.5380054530503903,0.55808808637263,0.5502990023276526,1.0
